page_number,source_line,category,concept,amount_raw,amount_numeric,parser_confidence
38,1,ingresos,ingresos,2742.91,2742.91,0.7565
38,2,ingresos,ingresos,2'7742.91,27742.91,0.7658
38,5,ingresos,ingresos,02713.7,2713.7,0.8903
38,6,ingresos,ingresos,6777.96,6777.96,0.7655
38,7,ingresos,ingresos,697161.58,697161.58,0.7327
38,8,ingresos,ingresos,06.96,6.96,0.8065
38,9,ingresos,ingresos,836.38,836.38,0.8131
38,10,ingresos,ingresos,34'6367.08,346367.08,0.7173
38,11,ingresos,7,319.21,319.21,0.6917
38,12,ingresos,AOS,,,0.5502
38,15,NGRESO,ORO,,,0.8652
38,16,NGRESO,NGRESO,29106795.46,29106795.46,0.8103
38,17,NGRESO,NGRESO,526.50,526.5,0.7661
38,18,NGRESO,367,2358.4,2358.4,0.6714
38,20,NGRESO,NGRESO,855,855.0,0.7202
38,21,NGRESO,NGRESO,823.50,823.5,0.7137
38,22,NGRESO,_ 3137,,,0.6152
38,24,NGRESO,ONO,,,0.4085
38,25,NGRESO,R   AT,,,0.4857
38,26,NGRESO,NGRESO,0213.7,213.7,0.899
38,27,NGRESO,NGRESO,57.51,57.51,0.8048
38,28,NGRESO,NGRESO,6581875.00,6581875.0,0.7021
38,29,NGRESO,NGRESO,014.96,14.96,0.716
38,30,NGRESO,NGRESO,89.8,89.8,0.7719
38,31,NGRESO,NGRESO,82523.58,82523.58,0.8984
38,32,NGRESO,_,56396.6,56396.6,0.7448
38,33,NGRESO,NGRESO,"7282,16.68",728216.68,0.7887
38,37,DOS VZADVOS,AN0,1963,1963.0,0.7776
38,38,DOS VZADVOS,A,,,0.4713
38,42,I.DADAS,ACE,,,0.8118
38,47,VII.ORR.I..,Digitized by,,,1.0
100,1,egresos,全,73772.92,73772.92,0.7572
100,2,egresos,家,7372.92,7372.92,0.7932
100,3,egresos,eno eso,,,0.7783
100,5,OMACION,OMACION,217180.00,217180.0,0.9236
100,6,OMACION,OMACION,"217,180.00",217180.0,0.945
100,7,OMACION,ay geso,,,0.7664
100,8,OMACION,ORO,,,0.9845
100,9,OMACION,OMACION,87862.08,87862.08,0.8144
100,10,OMACION,OMACION,"217,180.00",217180.0,0.9219
100,11,OMACION,OMACION,609582.08,609582.08,0.8085
100,12,OMACION,OMACION,0952.08,952.08,0.9514
100,13,OMACION,OMACION,1525.0,1525.0,0.7415
100,14,OMACION,OMACION,56.602.92,56602.92,0.8774
100,20,IPUTADOS,S/,,,0.7805
100,21,IPUTADOS,./S,,,0.7698
100,22,IPUTADOS,RERG,3,3.0,0.5541
100,23,IPUTADOS,IPUTADOS,2,2.0,0.6818
100,25,ÉALLOS,ÉALLOS,1525.0,1525.0,0.7169
100,26,ÉALLOS,/,1525.0,1525.0,0.7216
100,28,UTRIZADO,ST,,,0.9364
100,31,UTRIZADO,E,78,78.0,0.7887
100,37,OTALEGO,ESO,,,0.8832
100,40,CAPITUUNICO,DE,,,0.9753
100,42,CAPITUUNICO,DO. OOEC,58,58.0,0.7188
100,45,CAMA OS,CAMA OS,49,49.0,1.0
100,46,CAMA OS,Digitized by,,,1.0
190,1,egresos,egresos,57325.02,57325.02,0.804
190,2,egresos,egresos,350,350.0,0.9616
190,3,egresos,egresos,592816.16,592816.16,0.74
190,4,egresos,egresos,57325.02,57325.02,0.8175
190,5,egresos,egresos,3270.36,3270.36,0.8583
190,6,egresos,',426.0,426.0,0.7221
190,7,egresos,Mean greo,,,0.7373
190,9,egresos,egresos,193.17,193.17,0.7947
190,10,egresos,egresos,332.32,332.32,0.7547
190,11,egresos,egresos,99'412.38,99412.38,0.8397
190,12,egresos,egresos,810.15,810.15,0.7924
190,13,egresos,egresos,50.07,50.07,0.7698
190,14,egresos,egresos,1032.70,1032.7,0.814
190,15,egresos,ayor go,,,0.7586
190,16,egresos,ORO,,,0.9859
190,17,egresos,egresos,7919.41,7919.41,0.8556
190,18,egresos,egresos,7.30,7.3,0.9265
190,19,egresos,egresos,478.71,478.71,0.9191
190,20,egresos,egresos,193.17,193.17,0.7602
190,21,egresos,egresos,4787.71,4787.71,0.8263
190,23,egresos,egresos,87774.8,87774.8,0.6582
190,24,egresos,egresos,254,254.0,0.8058
190,25,egresos,egresos,3097.1,3097.1,0.8604
190,26,egresos,egresos,15071.01,15071.01,0.8477
190,27,egresos,egresos,827161.57,827161.57,0.7216
190,29,egresos,JCO,,,0.6415
190,32,egresos,./S,,,0.7222
190,33,egresos,S/,1,1.0,0.763
190,34,egresos,egresos,2,2.0,0.8792
190,35,egresos,egresos,791.41,791.41,0.7969
190,36,egresos,egresos,58'771.3,58771.3,0.672
190,37,egresos,egresos,89057.07,89057.07,0.8071
190,38,egresos,egresos,52788.684,52788684.0,0.5928
190,39,egresos,egresos,797.41,797.41,0.791
190,40,egresos,REN,3,3.0,0.5499
190,41,egresos,egresos,4'8.31,48.31,0.8801
190,43,egresos,OET,,,0.6917
190,45,UTORIZADO,I A,,,0.5772
190,48,UTORIZADO,E,780,780.0,0.7969
190,49,UTORIZADO,U  D,,,0.5658
190,55,OT AUT  UDO,MAY,,,0.7322
190,58,MI. FASI,TO,,,0.6666
190,63,CAPITULOS,DE,,,0.8263
190,65,MINIIRIO,D,58,58.0,0.7204
190,67,MINIIRIO,MINIIRIO,139,139.0,1.0
190,68,MINIIRIO,Google,,,1.0
190,69,MINIIRIO,Digitized by,,,1.0
226,1,egresos,egresos,16.72.10,1672.1,0.8122
226,2,egresos,egresos,6177.30,6177.3,0.9016
226,3,egresos,egresos,6903.2,6903.2,0.649
226,4,egresos,egresos,771.17,771.17,0.8135
226,5,egresos,egresos,4158.13,4158.13,0.8112
226,6,egresos,egresos,3375.87,3375.87,0.9085
226,7,egresos,egresos,72.20,72.2,0.9401
226,8,egresos,egresos,887.58,887.58,0.9605
226,9,egresos,'21,3.81,3.81,0.654
226,10,egresos,egresos,868.15,868.15,0.8386
226,11,egresos,egresos,3255,3255.0,0.8875
226,12,egresos,egresos,332.5,332.5,0.8122
226,13,egresos,enEeso,,,0.7797
226,15,egresos,egresos,26976.25,26976.25,0.705
226,16,egresos,egresos,187.34,187.34,0.9564
226,17,egresos,egresos,577.68,577.68,0.8643
226,18,egresos,egresos,5601.28,5601.28,0.8468
226,19,egresos,egresos,4021.13,4021.13,0.7302
226,20,egresos,egresos,"342,.68",342.68,0.7202
226,21,egresos,egresos,788.31,788.31,0.837
226,22,egresos,egresos,623.99,623.99,0.8181
226,23,egresos,aEso,,,0.6768
226,24,egresos,ORO,,,0.9863
226,26,egresos,egresos,50.85,50.85,0.8388
226,27,egresos,egresos,829.40,829.4,0.8169
226,28,egresos,egresos,12777.66,12777.66,0.8276
226,29,egresos,egresos,21212.7,21212.7,0.8389
226,30,egresos,egresos,582.0,582.0,0.8027
226,31,egresos,egresos,09'897.21,9897.21,0.8034
226,32,egresos,egresos,29.2,29.2,0.7276
226,33,egresos,egresos,420.04,420.04,0.7309
226,34,egresos,4,43,43.0,0.7165
226,35,egresos,egresos,872351,872351.0,0.9099
226,36,egresos,egresos,6835.16,6835.16,0.7362
226,37,egresos,',780.31,780.31,0.7951
226,38,egresos,egresos,47,47.0,0.8936
226,39,egresos,egresos,47,47.0,0.7244
226,40,egresos,egresos,677303,677303.0,0.8508
226,41,egresos,egresos,66.56,66.56,0.7544
226,47,egresos,RNR,93,93.0,0.6073
226,48,egresos,S,1,1.0,0.7277
226,49,egresos,S,1,1.0,0.6875
226,50,egresos,egresos,2,2.0,0.9904
226,51,egresos,egresos,97732.70,97732.7,0.8473
226,52,egresos,egresos,5.70,5.7,0.8192
226,53,egresos,egresos,"8407,10.90",840710.9,0.7524
226,54,egresos,egresos,646.60,646.6,0.7807
226,55,egresos,egresos,4'7.20,47.2,0.72
226,56,egresos,egresos,045.40,45.4,0.8676
226,57,egresos,egresos,01.14,1.14,0.8135
226,58,egresos,egresos,19'120807.62,19120807.62,0.8195
226,59,egresos,egresos,6733.11,6733.11,0.9088
226,60,egresos,egresos,55.66,55.66,0.774
226,61,egresos,egresos,6072703,6072703.0,0.7009
226,62,egresos,egresos,67703,67703.0,0.8384
226,67,UTRIZADO,E,780,780.0,0.7639
226,68,UTRIZADO,UD,,,0.6274
226,69,UTRIZADO,TTO,,,0.9147
226,73,TÉOUT AAUDO,BAS,,,0.9681
226,77,OT  LIEGO,ESO,,,0.8034
226,90,A IRIAI,DE,,,0.8263
226,92,MINIEIO,MINIEIO,158,158.0,0.8653
226,93,MINIEIO,MINIEIO,175,175.0,1.0
226,94,MINIEIO,Google,,,1.0
226,95,MINIEIO,Digitized by,,,1.0
272,1,egresos,egresos,"266,10.30",26610.3,0.7626
272,2,egresos,egresos,7637.12,7637.12,0.8394
272,3,egresos,',13974.55,13974.55,0.7437
272,4,egresos,egresos,"2600,071.10",2600071.1,0.8733
272,5,egresos,egresos,67673.07,67673.07,0.8605
272,6,egresos,egresos,673.07,673.07,0.7503
272,7,egresos,egres,,,0.7796
272,9,egresos,egresos,1177.94,1177.94,0.7575
272,10,egresos,egresos,998567.19,998567.19,0.9072
272,11,egresos,egresos,6..77,6.77,0.8516
272,12,egresos,egresos,223130.90,223130.9,0.8352
272,13,egresos,egresos,"9'096.,084.60",9096084.6,0.8152
272,14,egresos,早1,313.50,313.5,0.6366
272,15,egresos,ay Egeo,,,0.7564
272,17,SOCIAL,ORO,,,0.9948
272,19,SOCIAL,SOCIAL,497302.23,497302.23,0.8307
272,20,SOCIAL,SOCIAL,0673.13,673.13,0.7954
272,21,SOCIAL,SOCIAL,"39688,86.08",3968886.08,0.8447
272,22,SOCIAL,SOCIAL,55907.96,55907.96,0.8509
272,23,SOCIAL,SOCIAL,151609.40,151609.4,0.8326
272,24,SOCIAL,SOCIAL,9096084.60,9096084.6,0.901
272,25,SOCIAL,SOCIAL,5.0,5.0,0.7445
272,26,SOCIAL,SOCIAL,25074.00,25074.0,0.901
272,27,SOCIAL,SOCIAL,5015.57,5015.57,0.7558
272,28,SOCIAL,SOCIAL,443,443.0,0.6731
272,29,SOCIAL,ALI,,,0.4237
272,34,JERICIO,S,1,1.0,0.7266
272,35,JERICIO,./s,,,0.8502
272,36,JERICIO,PRP6S,3,3.0,0.5541
272,37,JERICIO,JERICIO,50.57,50.57,0.8217
272,38,JERICIO,JERICIO,2,2.0,0.9762
272,39,JERICIO,JERICIO,68'.59,68.59,0.6845
272,40,JERICIO,JERICIO,4.25,4.25,0.746
272,41,JERICIO,JERICIO,783.44,783.44,0.9184
272,42,JERICIO,JERICIO,83.2,83.2,0.8534
272,43,JERICIO,JERICIO,50.57,50.57,0.7578
272,48,REUSTO,EY,780,780.0,0.6566
272,55,TOUTAL LAUDO,ASO,,,0.7934
272,56,TOUTAL LAUDO,DE,,,0.9976
272,65,V.IVRRVVSOSS..,.VES,,,0.6278
272,66,V.IVRRVVSOSS..,DE,,,0.995
272,67,V.IVRRVVSOSS..,D.1.8,,,0.729
272,69,MINEIRIO,-221-,,,0.9796
272,70,MINEIRIO,Google,,,1.0
272,71,MINEIRIO,Digitized by,,,1.0
358,1,ingresos,(3),,,0.6116
358,2,ingresos,ingresos,7673.51,7673.51,0.8591
358,3,ingresos,ingresos,7673.51,7673.51,0.8262
358,4,ingresos,ingresos,773.51,773.51,0.8418
358,5,ingresos,ingresos,7126.13,7126.13,0.7367
358,6,ingresos,ingresos,7673.51,7673.51,0.8526
358,7,ingresos,ingresos,1022.62,1022.62,0.7844
358,8,ingresos,ingresos,05472.60,5472.6,0.9059
358,9,ingresos,_,9515.2,9515.2,0.6937
358,12,ingresos,(3),,,0.4844
358,13,ingresos,ingresos,812,812.0,0.4825
358,14,ingresos,./s,,,0.7864
358,15,ingresos,ingresos,439.56,439.56,0.9286
358,16,ingresos,ingresos,2,2.0,0.9857
358,17,ingresos,ingresos,2,2.0,0.9113
358,18,ingresos,",61 ,",866.81,866.81,0.6651
358,19,ingresos,ingresos,657.32,657.32,0.903
358,20,ingresos,ingresos,712613,712613.0,0.7835
358,21,ingresos,8,3.75,3.75,0.7683
358,22,ingresos,ingresos,353.6,353.6,0.8751
358,25,ingresos,770(1),,,0.806
358,26,ingresos,_5011,21.9,21.9,0.7043
358,27,ingresos,ingresos,2'90316.68,290316.68,0.7408
358,28,ingresos,ingresos,341.48,341.48,0.7269
358,29,ingresos,ingresos,671838.97,671838.97,0.8261
358,30,ingresos,ingresos,68669.67,68669.67,0.8484
358,31,ingresos,ingresos,11.15,11.15,0.7896
358,32,ingresos,ingresos,71702.81,71702.81,0.8042
358,34,ingresos,Me al,,,0.657
358,35,ingresos,UA,,,0.8532
358,36,ingresos,AOS,,,0.5867
358,37,ingresos,ingresos,1964,1964.0,0.9124
358,38,ingresos,MM grer,,,0.7127
358,39,ingresos,Me I,,,0.7772
358,40,ingresos,Ms,,,0.7982
358,41,ingresos,mpe,,,0.8872
358,42,ingresos,ORO,,,0.9945
358,43,ingresos,ANO,,,0.8552
358,44,ingresos,ingresos,243.00,243.0,0.6852
358,45,ingresos,ingresos,3754.10,3754.1,0.8197
358,46,ingresos,ingresos,2.72,2.72,0.9079
358,47,ingresos,ingresos,11717.23,11717.23,0.7863
358,48,ingresos,ingresos,4.1101.3,41101.3,0.7499
358,49,ingresos,ingresos,133269.62,133269.62,0.6788
358,50,ingresos,ingresos,5128,5128.0,0.8095
358,52,ingresos,ingresos,5751,5751.0,0.8938
358,55,OTVVAION,Más:,,,0.5677
358,57,UNINAL,UNINAL,163.25,163.25,0.8193
358,58,UNINAL,UNINAL,6346,6346.0,0.7774
358,59,UNINAL,UNINAL,653.46,653.46,0.6734
358,60,UNINAL,UNINAL,5875.21,5875.21,0.7395
358,63,MPLANES,E,481,481.0,0.7611
358,64,MPLANES,RST,,,0.8887
358,65,MPLANES,32 ),,,0.7221
358,66,MPLANES,MPLANES,71.70,71.7,0.8089
358,67,MPLANES,MPLANES,853.81,853.81,0.9084
358,68,MPLANES,MPLANES,5128,5128.0,0.7233
358,69,MPLANES,MPLANES,243.00,243.0,0.6936
358,70,MPLANES,MPLANES,3054.10,3054.1,0.6538
358,71,MPLANES,MPLANES,02525030,2525030.0,0.7637
358,72,MPLANES,MPLANES,489.47,489.47,0.7943
358,73,MPLANES,MPLANES,50'3.7,503.7,0.8655
358,74,MPLANES,MPLANES,361.87,361.87,0.8223
358,75,MPLANES,E,198,198.0,0.8171
358,78,VOTNEL,VOTNEL,133192.62,133192.62,0.8541
358,79,VOTNEL,VOTNEL,13346.62,13346.62,0.762
358,80,VOTNEL,VOTNEL,"97'187,01.67",9718701.67,0.7775
358,81,VOTNEL,VOTNEL,74.03,74.03,0.852
358,82,VOTNEL,VOTNEL,053263,53263.0,0.8104
358,83,VOTNEL,VOTNEL,27799891.18,27799891.18,0.8839
358,84,VOTNEL,VOTNEL,6837.00,6837.0,0.7694
358,86,AIUIPLICO,OAL,,,0.752
358,87,AIUIPLICO,//S,,,0.6399
358,88,AIUIPLICO,S/S,,,0.6847
358,89,AIUIPLICO,Merrrsersro,,,0.6811
358,93,CAPIUULOS,Menors,,,0.7423
358,96,TOTAL.,()  Inrdo,,,0.6185
358,97,TOTAL.,IAS,,,0.6318
358,98,TOTAL.,nges,,,0.8632
358,99,TOTAL.,V.TOs,,,0.7353
358,100,TOTAL.,*) y9L.*,,,0.5635
358,101,TOTAL.,Ley 86,,,0.7561
358,102,TOTAL.,TOTAL.,295,295.0,1.0
358,103,TOTAL.,Digitized by,,,0.9593
421,6,CREDITOS SUPLEMENTARIOS,Ley Nº,15189,15189.0,0.9471
421,7,CREDITOS SUPLEMENTARIOS,"Autoriza al Ministerio de Hacienda y Comercio, para abrir un Crédito Suplementario por la",,,0.9965
421,8,CREDITOS SUPLEMENTARIOS,27-10-,64,64.0,0.9998
421,10,cantidad de SIETE MILLONES SEISCIENTOS TREINTIOCHO MIL NOVECIENTOS,S/,,,0.9999
421,11,cantidad de SIETE MILLONES SEISCIENTOS TREINTIOCHO MIL NOVECIENTOS,cantidad de SIETE MILLONES SEISCIENTOS TREINTIOCHO MIL NOVECIENTOS,"7'638,911.66",7638911.66,0.9963
421,12,cantidad de SIETE MILLONES SEISCIENTOS TREINTIOCHO MIL NOVECIENTOS,"ONCE SOLES ORO Y SESENTISEIS CENTAVOS (S/. 7'638,911.66), a fin de habilitar",,,0.9909
421,13,cantidad de SIETE MILLONES SEISCIENTOS TREINTIOCHO MIL NOVECIENTOS,"diversas Partidas del Pliego I, Cámara de Diputados del Presupuesto Funcional del Gobierno",,,0.9952
421,14,cantidad de SIETE MILLONES SEISCIENTOS TREINTIOCHO MIL NOVECIENTOS,Central en Vigencia,,,0.9998
421,15,cantidad de SIETE MILLONES SEISCIENTOS TREINTIOCHO MIL NOVECIENTOS,El importe de este Crédito será cubierto con los recursos que se proveerá para finan-,,,0.9935
421,16,cantidad de SIETE MILLONES SEISCIENTOS TREINTIOCHO MIL NOVECIENTOS,ciar el déficit del referido Presupuesto,,,0.9999
421,17,cantidad de SIETE MILLONES SEISCIENTOS TREINTIOCHO MIL NOVECIENTOS,D.S. N° 257-H,,,0.9114
421,18,cantidad de SIETE MILLONES SEISCIENTOS TREINTIOCHO MIL NOVECIENTOS,"Autoriza al Ministerio de Hacienda y Comercio, para abrir un Crédito Suplementario por la",,,0.9999
421,19,cantidad de SIETE MILLONES SEISCIENTOS TREINTIOCHO MIL NOVECIENTOS,28-11-,64,64.0,0.9998
421,20,cantidad de SIETE MILLONES SEISCIENTOS TREINTIOCHO MIL NOVECIENTOS,"cantidad de NOVECIENTOS SETENTICINCO MIL SOLES ORO (S/. 975,000.00), a fin de",,,0.9875
421,21,cantidad de SIETE MILLONES SEISCIENTOS TREINTIOCHO MIL NOVECIENTOS,S/,,,0.9999
421,22,cantidad de SIETE MILLONES SEISCIENTOS TREINTIOCHO MIL NOVECIENTOS,cantidad de SIETE MILLONES SEISCIENTOS TREINTIOCHO MIL NOVECIENTOS,975.000.00,975000.0,1.0
421,23,cantidad de SIETE MILLONES SEISCIENTOS TREINTIOCHO MIL NOVECIENTOS,"habilitar con dicha cantidad el Pliego I, Cámara de Diputados del Presupuesto Funcional del",,,0.9993
421,24,cantidad de SIETE MILLONES SEISCIENTOS TREINTIOCHO MIL NOVECIENTOS,"Gobierno Central en Vigencia, para cubrir el 50% de los gastos que ocasione el funciona-",,,0.9999
421,25,cantidad de SIETE MILLONES SEISCIENTOS TREINTIOCHO MIL NOVECIENTOS,miento del Parlamento Latinoamericano a realizarse en esta Capital,,,0.9933
421,26,cantidad de SIETE MILLONES SEISCIENTOS TREINTIOCHO MIL NOVECIENTOS,Este Crédito será cubierto con el producto de los proyectos tributarios sometidos al,,,0.9998
421,27,cantidad de SIETE MILLONES SEISCIENTOS TREINTIOCHO MIL NOVECIENTOS,"Parlamento, para financiar el déficit del Presupuesto del Gobierno Central",,,0.9999
421,28,cantidad de SIETE MILLONES SEISCIENTOS TREINTIOCHO MIL NOVECIENTOS,D.S. Nº 300-H,,,0.953
421,29,cantidad de SIETE MILLONES SEISCIENTOS TREINTIOCHO MIL NOVECIENTOS,"Autoriza al Ministerio de Hacienda y Comercio, para abrir un Crédito Suplementario por la",,,0.9953
421,30,cantidad de SIETE MILLONES SEISCIENTOS TREINTIOCHO MIL NOVECIENTOS,25-11-,64,64.0,1.0
421,31,cantidad de SIETE MILLONES SEISCIENTOS TREINTIOCHO MIL NOVECIENTOS,"suma de TRES MILLONES DOSCIENTOS MIL SOLES ORO (S/. 3'200,000.00) a fin de",,,0.9902
421,32,cantidad de SIETE MILLONES SEISCIENTOS TREINTIOCHO MIL NOVECIENTOS,S/,,,0.9998
421,33,cantidad de SIETE MILLONES SEISCIENTOS TREINTIOCHO MIL NOVECIENTOS,cantidad de SIETE MILLONES SEISCIENTOS TREINTIOCHO MIL NOVECIENTOS,"3'200,000.00",3200000.0,0.9993
421,34,cantidad de SIETE MILLONES SEISCIENTOS TREINTIOCHO MIL NOVECIENTOS,"habilitar varias Partidas del Pliego I, Cámara de Diputados del Presupuesto Funcional del",,,0.9983
421,35,cantidad de SIETE MILLONES SEISCIENTOS TREINTIOCHO MIL NOVECIENTOS,Gobierno Central en Vigencia,,,0.9855
421,36,cantidad de SIETE MILLONES SEISCIENTOS TREINTIOCHO MIL NOVECIENTOS,Este Crédito será cubierto con el producto de los proyectos tributarios sometidos al,,,0.9998
421,37,cantidad de SIETE MILLONES SEISCIENTOS TREINTIOCHO MIL NOVECIENTOS,"Parlamento, para financiar el déficit del Presupuesto del Gobierno Central",,,0.9932
421,38,cantidad de SIETE MILLONES SEISCIENTOS TREINTIOCHO MIL NOVECIENTOS,-346-,,,0.9771
421,39,cantidad de SIETE MILLONES SEISCIENTOS TREINTIOCHO MIL NOVECIENTOS,Digitized by Google,,,0.9715
532,1,pliego,pliego,37.98,37.98,0.7623
532,2,pliego,pliego,8325292.10,8325292.1,0.8885
532,3,pliego,pliego,4377918.08,4377918.08,0.8011
532,4,pliego,pliego,96.16,96.16,0.6004
532,5,pliego,ELS,,,0.7742
532,8,pliego,o ral,,,0.7259
532,9,pliego,pliego,2'259,2259.0,0.6629
532,10,pliego,pliego,3.10,3.1,0.962
532,11,pliego,pliego,"03,20.69",320.69,0.9226
532,12,pliego,ESO,,,0.6874
532,14,pliego,pliego,701.37,701.37,0.6862
532,15,pliego,pliego,42210.42,42210.42,0.7291
532,16,pliego,pliego,526.46,526.46,0.8404
532,17,pliego,ESO,,,0.8123
532,20,pliego,pliego,14275,14275.0,0.7782
532,21,pliego,pliego,17.53,17.53,0.6647
532,22,pliego,pliego,33.2,33.2,0.7049
532,24,pliego,pliego,7373.25,7373.25,0.7955
532,25,pliego,pliego,"062,.50",62.5,0.7712
532,26,pliego,pliego,5325.7,5325.7,0.7967
532,30,ÉALLECIO,ORO,,,0.9956
532,31,ÉALLECIO,S/S,,,0.6593
532,32,ÉALLECIO,S,1,1.0,0.5614
532,33,ÉALLECIO,RE NU,6,6.0,0.6597
532,34,ÉALLECIO,ÉALLECIO,2,2.0,0.9904
532,37,DISMINNUUION,DISMINNUUION,5397.38,5397.38,0.7695
532,38,DISMINNUUION,DISMINNUUION,383.48,383.48,0.7355
532,43,ODINES,ODINES,539.38,539.38,0.808
532,44,ODINES,2,2328,2328.0,0.6336
532,45,ODINES,ODINES,38.48,38.48,0.9011
532,46,ODINES,ODINES,49676684.1,49676684.1,0.8482
532,49,REITOS,UEN,,,0.861
532,50,REITOS,A,,,0.9276
532,53,TOTUT AUTDO,RT,,,0.9013
532,55,TOTUT AUTDO,TOTUT AUTDO,7373.25,7373.25,0.8352
532,56,TOTUT AUTDO,TOTUT AUTDO,2199368.01,2199368.01,0.8023
532,57,TOTUT AUTDO,TOTUT AUTDO,"0672,.50",672.5,0.802
532,58,TOTUT AUTDO,_,1813.53,1813.53,0.7213
532,59,TOTUT AUTDO,TOTUT AUTDO,5326.7,5326.7,0.7914
532,65,.AIAIAA,IEO,,,0.6756
532,69,UB·LGOS,II.-I,,,0.6396
532,73,RIAS ..,457-,,,0.9098
532,74,RIAS ..,Google,,,1.0
532,75,RIAS ..,Digitized by,,,1.0
644,6,SOLESORO,Ley,15271,15271.0,0.9996
644,7,SOLESORO,Autorizado por Ley No,15271,15271.0,0.9767
644,8,SOLESORO,31-12-,64,64.0,0.9999
644,9,SOLESORO,S/,,,0.9997
644,10,SOLESORO,SOLESORO,"3'005,850.00",3005850.0,0.9994
644,11,SOLESORO,De la Asignación Nº 1 — Programa I — Partida,,,0.9738
644,12,SOLESORO,Nº,4.7.0,47.0,0.9396
644,13,SOLESORO,SOLESORO,"3'005,850.00",3005850.0,0.9848
644,14,SOLESORO,A la Asignación Nº 3 — Programa III — Partida,,,0.9697
644,15,SOLESORO,No,4.11.0,411.0,0.9249
644,16,SOLESORO,SOLESORO,"3'005,850.00",3005850.0,0.9858
644,17,SOLESORO,SOLESORO,"3'005,850.00",3005850.0,0.9995
644,18,SOLESORO,SOLESORO,"3'005,850.00",3005850.0,0.9996
644,19,SOLESORO,R.M. do,,,0.9094
644,20,SOLESORO,Autorizado por R.M. Nº 1310-H,,,0.9785
644,21,SOLESORO,31-12-,64,64.0,1.0
644,22,SOLESORO,SV,,,0.9043
644,23,SOLESORO,SOLESORO,"6,000.00",6000.0,1.0
644,24,SOLESORO,De la Asignación N? 1 — Programa I — Partida,,,0.9839
644,25,SOLESORO,Nº,2.3.5,23.5,0.9583
644,26,SOLESORO,SOLESORO,"6,000.00",6000.0,0.9999
644,27,SOLESORO,A la Asignación No 1 — Programa I — Partida,,,0.9722
644,28,SOLESORO,No,2.4.12,24.12,0.9739
644,29,SOLESORO,SOLESORO,"6,000.00",6000.0,0.9999
644,30,SOLESORO,SOLESORO,"6,000.00",6000.0,0.9999
644,31,SOLESORO,SOLESORO,"6,000.00",6000.0,0.9999
644,32,SOLESORO,D.S. de,,,0.9924
644,33,SOLESORO,Autorizado por D.S. Nº 280-H,,,0.9783
644,34,SOLESORO,25-11-,64,64.0,0.9964
644,35,SOLESORO,S/,,,0.9146
644,36,SOLESORO,SOLESORO,"15,550.50",15550.5,1.0
644,37,SOLESORO,De la Asignación N 1 — Programa I — Partida,,,0.9873
644,38,SOLESORO,No,1.1.3,11.3,0.9413
644,39,SOLESORO,SOLESORO,"15,550.50",15550.5,1.0
644,40,SOLESORO,A la Asignación No 1 — Programa I — Partida,,,0.9631
644,41,SOLESORO,Nº,1.2.5,12.5,0.9708
644,42,SOLESORO,SOLESORO,"5,000.00",5000.0,0.9928
644,43,SOLESORO,A la Asignación N? 1 — Programa I — Partida,,,0.968
644,44,SOLESORO,No,1.2.2,12.2,0.9177
644,45,SOLESORO,SOLESORO,"5,000.00",5000.0,1.0
644,46,SOLESORO,A la Asignación No 1 — Programa,,,0.9845
644,47,SOLESORO,I — Partida,,,0.9628
644,48,SOLESORO,Nº,1.2.16,12.16,0.9129
644,49,SOLESORO,SOLESORO,"1,550.50",1550.5,1.0
644,50,SOLESORO,A la Asignación N? 1 — Programa,,,0.9497
644,51,SOLESORO,I — Partida,,,0.9484
644,52,SOLESORO,No 1.2.24,,,0.9165
644,53,SOLESORO,SOLESORO,"4,000.00",4000.0,1.0
644,54,SOLESORO,SOLESORO,"15,550.50",15550.5,1.0
644,55,SOLESORO,SOLESORO,"15,550.50",15550.5,1.0
644,56,SOLESORO,D.S. de,,,0.9691
644,57,SOLESORO,Autorizado por D.S. Nº 279-H,,,0.9726
644,58,SOLESORO,25-11-,64,64.0,0.9966
644,59,SOLESORO,S/,,,0.9948
644,60,SOLESORO,SOLESORO,"4,000.00",4000.0,1.0
644,61,SOLESORO,De la Asiginación No 1 — Programa I — Partida,,,0.9845
644,62,SOLESORO,No,2.3.4,23.4,0.9819
644,63,SOLESORO,SOLESORO,"4,000.00",4000.0,1.0
644,64,SOLESORO,A la Asignación Nº 1 — Programa I — Partida,,,0.9597
644,65,SOLESORO,SOLESORO,"4,000.00",4000.0,1.0
644,66,SOLESORO,Nº,2.1.2,21.2,0.9337
644,67,SOLESORO,SOLESORO,"4,000.00",4000.0,1.0
644,68,SOLESORO,SOLESORO,"4,000.00",4000.0,1.0
644,69,SOLESORO,-569-,,,0.8883
644,70,SOLESORO,Digitized by Google,,,0.9894
854,3,SUMARIO,Resumen General,,,1.0
854,4,SUMARIO,En Dólares,,,0.9994
854,5,SUMARIO,En Libras Esterlinas,,,1.0
854,7,SUMARIO,En Pesos Argentinos (Consolidada),,,1.0
854,8,SUMARIO,En Pesos Argentinos (Flotante),,,0.9938
854,10,EXTERNA,En Marcos Alemanes,,,0.9992
854,11,EXTERNA,En Francos Suizos,,,0.9719
854,12,EXTERNA,En Soles Oro,,,0.9999
854,16,ESTADO DE CUENTAS,Consolidada,,,1.0
854,20,Y CARACTERISTICAS,Flotante,,,1.0
854,22,INTERNA,En Dólares,,,0.9997
854,23,INTERNA,En Marcos Alemanes,,,1.0
854,25,INTERNA,En Francos Suizos,,,0.9996
854,27,GARANTIZADA,En Florines Holandeses,,,1.0
854,29,POR EL ESTADO,En Soles Oro,,,0.9956
854,34,FIDEICOMISARIOS,-777-,,,0.981
854,35,FIDEICOMISARIOS,Digitized by Google,,,0.9974
1003,2,inversion,ORO,,,0.999
1003,3,inversion,Vienen,,,0.9999
1003,4,inversion,inversion,"167748,683",167748683.0,0.9411
1003,7,OBRAS POR CONTRATA,—Construcciones:,,,0.9995
1003,8,OBRAS POR CONTRATA,Hotel Turista de Ilo,,,0.999
1003,9,OBRAS POR CONTRATA,OBRAS POR CONTRATA,"2'700,000.00",2700000.0,0.9661
1003,10,OBRAS POR CONTRATA,Hotel Turista de Tarapoto,,,1.0
1003,11,OBRAS POR CONTRATA,OBRAS POR CONTRATA,"1'200,000.00",1200000.0,0.9967
1003,12,OBRAS POR CONTRATA,Hotel Turista de Pucallpa,,,1.0
1003,13,OBRAS POR CONTRATA,OBRAS POR CONTRATA,"1'500,000.00",1500000.0,0.999
1003,14,OBRAS POR CONTRATA,Hotel Turista de Juliaca,,,0.9999
1003,15,OBRAS POR CONTRATA,OBRAS POR CONTRATA,"1'930,000.00",1930000.0,0.999
1003,16,OBRAS POR CONTRATA,Hotel Turista de Moquegua,,,0.9889
1003,17,OBRAS POR CONTRATA,OBRAS POR CONTRATA,"1'930,000.00",1930000.0,0.9994
1003,18,OBRAS POR CONTRATA,Hotel Turista de Ica,,,1.0
1003,19,OBRAS POR CONTRATA,OBRAS POR CONTRATA,"863,753.30",863753.3,0.9977
1003,20,OBRAS POR CONTRATA,Terminación demolición Cárcel Central,,,0.9898
1003,21,OBRAS POR CONTRATA,OBRAS POR CONTRATA,"104,693.00",104693.0,1.0
1003,22,OBRAS POR CONTRATA,Demolición Cerco Exterior Cárcel Central,,,0.9999
1003,23,OBRAS POR CONTRATA,OBRAS POR CONTRATA,"268,740.00",268740.0,1.0
1003,24,OBRAS POR CONTRATA,Construción Estadio en Palambla y El Faique,,,0.9999
1003,25,OBRAS POR CONTRATA,OBRAS POR CONTRATA,"100,000.00",100000.0,1.0
1003,26,OBRAS POR CONTRATA,Obras Públicas Distritos Sayapuyo y Cajamarca,,,0.9997
1003,27,OBRAS POR CONTRATA,OBRAS POR CONTRATA,"262,583.82",262583.82,1.0
1003,28,OBRAS POR CONTRATA,"Construcción Local Concejal de Urcos, Quispicanchis-Cuzco",,,0.9996
1003,29,OBRAS POR CONTRATA,OBRAS POR CONTRATA,"200,000.00",200000.0,1.0
1003,30,OBRAS POR CONTRATA,Arreglar Calles Distritos de Tabalagos-San Martín,,,0.997
1003,31,OBRAS POR CONTRATA,OBRAS POR CONTRATA,"72,000.00",72000.0,1.0
1003,32,OBRAS POR CONTRATA,Terminación Estadio Deportivo Municipal Dist. San Carlos (Chiclayo),,,0.994
1003,33,OBRAS POR CONTRATA,OBRAS POR CONTRATA,"500,000.00",500000.0,0.9999
1003,34,OBRAS POR CONTRATA,Reparación y Conservación Malecón Sullana-Piura,,,0.9991
1003,35,OBRAS POR CONTRATA,OBRAS POR CONTRATA,"150,000.00",150000.0,1.0
1003,36,OBRAS POR CONTRATA,Construcción Campo Deportivo en Ilave-Puno,,,0.9999
1003,37,OBRAS POR CONTRATA,Ejecución Obras Públicas en Guadalupe,,,0.9999
1003,38,OBRAS POR CONTRATA,OBRAS POR CONTRATA,"1'000,000.00",1000000.0,0.9984
1003,39,OBRAS POR CONTRATA,Construcción Estadio Ferreñafe-Lambayeque,,,0.9997
1003,40,OBRAS POR CONTRATA,OBRAS POR CONTRATA,"1'000,000.00",1000000.0,0.9983
1003,41,OBRAS POR CONTRATA,Construcción Parque en Ferreñafe-Lambayeque,,,0.9998
1003,42,OBRAS POR CONTRATA,OBRAS POR CONTRATA,"500,000.00",500000.0,0.9978
1003,43,OBRAS POR CONTRATA,Pavimentación del Aeropuerto de Huánuco,,,0.9935
1003,44,OBRAS POR CONTRATA,OBRAS POR CONTRATA,"500,000.00",500000.0,1.0
1003,45,OBRAS POR CONTRATA,Pavimentación Calles de Tingo María,,,0.9996
1003,46,OBRAS POR CONTRATA,OBRAS POR CONTRATA,"250,000.00",250000.0,0.9998
1003,47,OBRAS POR CONTRATA,Para Construcción Locales Públicos,,,0.9992
1003,48,OBRAS POR CONTRATA,OBRAS POR CONTRATA,"200,000.00",200000.0,1.0
1003,49,OBRAS POR CONTRATA,Pavimentación Calles de la Provincia de Huánuco,,,0.9999
1003,50,OBRAS POR CONTRATA,OBRAS POR CONTRATA,"500,000.00",500000.0,1.0
1003,51,OBRAS POR CONTRATA,Construcción Estadio de Pacchacomas-Apurímac,,,0.997
1003,52,OBRAS POR CONTRATA,OBRAS POR CONTRATA,"100,000.00",100000.0,1.0
1003,53,OBRAS POR CONTRATA,Pavimentación de las Calles de Chulucanas-Piura,,,0.9983
1003,54,OBRAS POR CONTRATA,OBRAS POR CONTRATA,100.000.00,100000.0,0.9999
1003,55,OBRAS POR CONTRATA,Construcción Campo Deportivo de San Bartolo,,,0.9944
1003,56,OBRAS POR CONTRATA,OBRAS POR CONTRATA,"200,000.00",200000.0,1.0
1003,57,OBRAS POR CONTRATA,Eregir Monumento J. P. Vizcardo y Guzmán,,,0.9943
1003,58,OBRAS POR CONTRATA,OBRAS POR CONTRATA,"110,000.00",110000.0,1.0
1003,59,OBRAS POR CONTRATA,Construcción Casas Maestros Primarios — Empleados Públicos — Ica,,,0.9849
1003,60,OBRAS POR CONTRATA,OBRAS POR CONTRATA,"450,000.00",450000.0,1.0
1003,61,OBRAS POR CONTRATA,Terminación de la Av. Parcona-Ica,,,0.9999
1003,62,OBRAS POR CONTRATA,OBRAS POR CONTRATA,"850,000.00",850000.0,1.0
1003,63,OBRAS POR CONTRATA,Construcción Local Federación Trabajadores de Tejidos del Perú,,,0.9938
1003,64,OBRAS POR CONTRATA,OBRAS POR CONTRATA,"200,000.00",200000.0,1.0
1003,65,OBRAS POR CONTRATA,Iniciación Construcción Centros Cívicos Paruro-Cuzco,,,0.9918
1003,66,OBRAS POR CONTRATA,OBRAS POR CONTRATA,"400,000.00",400000.0,1.0
1003,67,OBRAS POR CONTRATA,"Edificación Aduana Aguas Verdes, Tumbes",,,0.9998
1003,68,OBRAS POR CONTRATA,OBRAS POR CONTRATA,"350,000.00",350000.0,1.0
1003,69,OBRAS POR CONTRATA,"Aeropuerto de Loma, San Martín",,,0.9998
1003,70,OBRAS POR CONTRATA,OBRAS POR CONTRATA,"300,000.00",300000.0,1.0
1003,71,OBRAS POR CONTRATA,Mercado de Abastos de Jaén,,,0.9998
1003,72,OBRAS POR CONTRATA,OBRAS POR CONTRATA,"100,000.00",100000.0,0.9995
1003,73,OBRAS POR CONTRATA,Nivelar Estadio de Jaén,,,0.9999
1003,74,OBRAS POR CONTRATA,OBRAS POR CONTRATA,"100,000.00",100000.0,0.9584
1003,75,OBRAS POR CONTRATA,Obras Públicas de Loreto — Ley,14644,14644.0,0.995
1003,76,OBRAS POR CONTRATA,"Obras Públicas en Bagua, Luya, Chachapoyas",,,0.9998
1003,77,OBRAS POR CONTRATA,OBRAS POR CONTRATA,"1'000,000.00",1000000.0,0.998
1003,78,OBRAS POR CONTRATA,Obras Públicas en San Martín,,,0.9995
1003,79,OBRAS POR CONTRATA,OBRAS POR CONTRATA,"1'000,000.00",1000000.0,0.9977
1003,80,OBRAS POR CONTRATA,Remodelación de la Plaza Bolívar,,,0.9979
1003,81,OBRAS POR CONTRATA,OBRAS POR CONTRATA,"6'000,000.00",6000000.0,0.9969
1003,82,OBRAS POR CONTRATA,Construcción Centro Cívico,,,0.9816
1003,83,OBRAS POR CONTRATA,OBRAS POR CONTRATA,"38'177,641.88",38177641.88,0.9968
1003,84,OBRAS POR CONTRATA,Construcción Parque Botánico y Arqueológico,,,0.9966
1003,85,OBRAS POR CONTRATA,OBRAS POR CONTRATA,"14'167,000.00",14167000.0,0.9987
1003,86,OBRAS POR CONTRATA,Construcción Pozada Alojamiento Turistas — Provincia Paruro,,,0.9949
1003,87,OBRAS POR CONTRATA,OBRAS POR CONTRATA,"329,855.00",329855.0,1.0
1003,88,OBRAS POR CONTRATA,Construcción de Estadio en la Ciudad de Lambayeque,,,0.9999
1003,89,OBRAS POR CONTRATA,OBRAS POR CONTRATA,"1'000,000.00",1000000.0,0.9987
1003,90,OBRAS POR CONTRATA,Construcción Mercado de Hualgayoc (Cajamarca),,,0.9987
1003,91,OBRAS POR CONTRATA,OBRAS POR CONTRATA,"250,000.00",250000.0,1.0
1003,92,OBRAS POR CONTRATA,Dotar Mobiliario Baños del Inca-Cajamarca,,,0.9996
1003,93,OBRAS POR CONTRATA,OBRAS POR CONTRATA,"250,000.00",250000.0,1.0
1003,94,OBRAS POR CONTRATA,Remodelación Palacio de Justicia (Cajamarca),,,0.9996
1003,95,OBRAS POR CONTRATA,OBRAS POR CONTRATA,"300,000.00",300000.0,1.0
1003,96,OBRAS POR CONTRATA,Diversos Estudios por Realizar,,,0.9998
1003,97,OBRAS POR CONTRATA,OBRAS POR CONTRATA,"182,000.00",182000.0,1.0
1003,98,OBRAS POR CONTRATA,OBRAS POR CONTRATA,"81'648,267.00",81648267.0,0.9628
1003,99,OBRAS POR CONTRATA,Comisión Ejecutiva Interministerial de Cooperación Popular — Es-,,,0.9992
1003,100,OBRAS POR CONTRATA,tudios y Proyectos Obras Públicas,,,0.9684
1003,101,OBRAS POR CONTRATA,OBRAS POR CONTRATA,"151,84590",15184590.0,0.999
1003,102,OBRAS POR CONTRATA,Despacho Ministerial Centrales de Cooperación Popular y Desarro-,,,0.9945
1003,103,OBRAS POR CONTRATA,llo Comunal. — Estudios Construcciones y Materiales de Cons-,,,0.9832
1003,104,OBRAS POR CONTRATA,OBRAS POR CONTRATA,"18'506,3969",185063969.0,0.9917
1003,105,OBRAS POR CONTRATA,trucción,,,0.9999
1003,106,OBRAS POR CONTRATA,Dirección de Fomento — Control de Urbanizaciones (Fomento Ur-,,,0.9866
1003,107,OBRAS POR CONTRATA,bano) Ejecución Diversas Obras,,,0.9956
1003,108,OBRAS POR CONTRATA,OBRAS POR CONTRATA,"1'000,089.50",1000089.5,0.947
1003,109,OBRAS POR CONTRATA,OBRAS POR CONTRATA,"101'306,600.69",101306600.69,0.999
1003,110,OBRAS POR CONTRATA,OBRAS POR CONTRATA,"167746,687",167746687.0,0.9945
1003,111,OBRAS POR CONTRATA,Van,,,1.0
1003,112,OBRAS POR CONTRATA,860—,,,0.9347
1003,113,OBRAS POR CONTRATA,Digitized by Google,,,0.9978
1031,2,SOLESORO,Vienen,,,1.0
1031,3,SOLESORO,SOLESORO,"378'508,858.47",378508858.47,0.9933
1031,6,DEPARTAMENTO DE TACNA,Adquisición Mobiliario y Enseres,,,0.9998
1031,7,DEPARTAMENTO DE TACNA,DEPARTAMENTO DE TACNA,"33,633.50",33633.5,1.0
1031,8,DEPARTAMENTO DE TACNA,Adquisición de Vehículos,,,0.9991
1031,9,DEPARTAMENTO DE TACNA,DEPARTAMENTO DE TACNA,"172,800.00",172800.0,1.0
1031,10,DEPARTAMENTO DE TACNA,Equipo Mecánico de Oficina,,,0.9999
1031,11,DEPARTAMENTO DE TACNA,DEPARTAMENTO DE TACNA,"32,127.40",32127.4,1.0
1031,12,DEPARTAMENTO DE TACNA,Equipo de Ingeniería,,,0.9999
1031,13,DEPARTAMENTO DE TACNA,DEPARTAMENTO DE TACNA,198.00,198.0,1.0
1031,14,DEPARTAMENTO DE TACNA,Equipo y Herramientas para Talleres,,,0.9999
1031,15,DEPARTAMENTO DE TACNA,DEPARTAMENTO DE TACNA,"3,280.00",3280.0,1.0
1031,16,DEPARTAMENTO DE TACNA,Otros,,,0.9999
1031,17,DEPARTAMENTO DE TACNA,DEPARTAMENTO DE TACNA,827.00,827.0,1.0
1031,18,DEPARTAMENTO DE TACNA,DEPARTAMENTO DE TACNA,"242,865.90",242865.9,1.0
1031,20,INVERSIONES:,"Terrenos, Carretera Mirave-Aricota",,,0.9913
1031,21,INVERSIONES:,INVERSIONES:,"11,635.90",11635.9,0.9999
1031,22,INVERSIONES:,"Adquisición Fundo ""Paquiña""",,,0.9872
1031,23,INVERSIONES:,INVERSIONES:,"145,728.00",145728.0,1.0
1031,24,INVERSIONES:,Estudios Carretera Locumba-Mirave-Ilavaya,,,0.9999
1031,25,INVERSIONES:,INVERSIONES:,"155,230.00",155230.0,1.0
1031,26,INVERSIONES:,Indemnización Mayores Areas Terrenos afectados - Construción,,,0.9995
1031,27,INVERSIONES:,Carretera Mirave-Aricota,,,0.9999
1031,28,INVERSIONES:,INVERSIONES:,"562,590.90",562590.9,0.9995
1031,29,INVERSIONES:,INVERSIONES:,"875,184.80",875184.8,1.0
1031,31,OBRAS EJECUCION PLAN TACNA:,Cómputo Amortización año 1964,,,0.9931
1031,32,OBRAS EJECUCION PLAN TACNA:,OBRAS EJECUCION PLAN TACNA:,"20'014,907.76",20014907.76,0.9988
1031,33,OBRAS EJECUCION PLAN TACNA:,OBRAS EJECUCION PLAN TACNA:,"21'132,958.46",21132958.46,0.9883
1031,35,CORPORACION DE RECONSTRUCCION Y FOMENTO DEL CUZCO,Servicios Eléctricos — Generales,,,0.9986
1031,36,CORPORACION DE RECONSTRUCCION Y FOMENTO DEL CUZCO,CORPORACION DE RECONSTRUCCION Y FOMENTO DEL CUZCO,"6'034,191.66",6034191.66,0.9982
1031,37,CORPORACION DE RECONSTRUCCION Y FOMENTO DEL CUZCO,Obras Coloniales,,,0.9732
1031,38,CORPORACION DE RECONSTRUCCION Y FOMENTO DEL CUZCO,CORPORACION DE RECONSTRUCCION Y FOMENTO DEL CUZCO,"1'305,075.40",1305075.4,0.9973
1031,39,CORPORACION DE RECONSTRUCCION Y FOMENTO DEL CUZCO,Restauración Pictórica,,,0.9999
1031,40,CORPORACION DE RECONSTRUCCION Y FOMENTO DEL CUZCO,CORPORACION DE RECONSTRUCCION Y FOMENTO DEL CUZCO,"66,886.16",66886.16,0.9935
1031,41,CORPORACION DE RECONSTRUCCION Y FOMENTO DEL CUZCO,Obras Arqueológicas,,,0.9996
1031,42,CORPORACION DE RECONSTRUCCION Y FOMENTO DEL CUZCO,CORPORACION DE RECONSTRUCCION Y FOMENTO DEL CUZCO,"588,784.92",588784.92,1.0
1031,43,CORPORACION DE RECONSTRUCCION Y FOMENTO DEL CUZCO,Urbanismo,,,0.9999
1031,44,CORPORACION DE RECONSTRUCCION Y FOMENTO DEL CUZCO,CORPORACION DE RECONSTRUCCION Y FOMENTO DEL CUZCO,"153,181.11",153181.11,1.0
1031,45,CORPORACION DE RECONSTRUCCION Y FOMENTO DEL CUZCO,Obras Civiles,,,0.9998
1031,46,CORPORACION DE RECONSTRUCCION Y FOMENTO DEL CUZCO,CORPORACION DE RECONSTRUCCION Y FOMENTO DEL CUZCO,"1'296,235.53",1296235.53,0.9932
1031,47,CORPORACION DE RECONSTRUCCION Y FOMENTO DEL CUZCO,Parque Arqueológico,,,0.9997
1031,48,CORPORACION DE RECONSTRUCCION Y FOMENTO DEL CUZCO,CORPORACION DE RECONSTRUCCION Y FOMENTO DEL CUZCO,758.34,758.34,1.0
1031,49,CORPORACION DE RECONSTRUCCION Y FOMENTO DEL CUZCO,Obras Públicas,,,0.9957
1031,50,CORPORACION DE RECONSTRUCCION Y FOMENTO DEL CUZCO,CORPORACION DE RECONSTRUCCION Y FOMENTO DEL CUZCO,"1'454,465.48",1454465.48,0.9929
1031,51,CORPORACION DE RECONSTRUCCION Y FOMENTO DEL CUZCO,Fomento Rural,,,0.9999
1031,52,CORPORACION DE RECONSTRUCCION Y FOMENTO DEL CUZCO,CORPORACION DE RECONSTRUCCION Y FOMENTO DEL CUZCO,"1'897,931.21",1897931.21,0.9985
1031,53,CORPORACION DE RECONSTRUCCION Y FOMENTO DEL CUZCO,Instalación y Equipos,,,0.9925
1031,54,CORPORACION DE RECONSTRUCCION Y FOMENTO DEL CUZCO,CORPORACION DE RECONSTRUCCION Y FOMENTO DEL CUZCO,"601,009.63",601009.63,0.9998
1031,55,CORPORACION DE RECONSTRUCCION Y FOMENTO DEL CUZCO,Fomento Industrial,,,0.9997
1031,56,CORPORACION DE RECONSTRUCCION Y FOMENTO DEL CUZCO,CORPORACION DE RECONSTRUCCION Y FOMENTO DEL CUZCO,"54,887.62",54887.62,1.0
1031,57,CORPORACION DE RECONSTRUCCION Y FOMENTO DEL CUZCO,Centro Hidro-Macchupicchu,,,0.9999
1031,58,CORPORACION DE RECONSTRUCCION Y FOMENTO DEL CUZCO,CORPORACION DE RECONSTRUCCION Y FOMENTO DEL CUZCO,"20360,683.47",20360683.47,0.9991
1031,59,CORPORACION DE RECONSTRUCCION Y FOMENTO DEL CUZCO,Servicios Eléctricos en la Central Hidro-Macchupicchu,,,0.9902
1031,60,CORPORACION DE RECONSTRUCCION Y FOMENTO DEL CUZCO,CORPORACION DE RECONSTRUCCION Y FOMENTO DEL CUZCO,"538,127.73",538127.73,1.0
1031,61,CORPORACION DE RECONSTRUCCION Y FOMENTO DEL CUZCO,CORPORACION DE RECONSTRUCCION Y FOMENTO DEL CUZCO,"34'352,218.26",34352218.26,0.9591
1031,64,ECONOMICA DE PUNO,"Obras Públicas, Viviendas y Urbanismo",,,0.9887
1031,65,ECONOMICA DE PUNO,ECONOMICA DE PUNO,"45'408,415.44",45408415.44,0.9959
1031,66,ECONOMICA DE PUNO,Convenios y Transferencias,,,0.9838
1031,67,ECONOMICA DE PUNO,ECONOMICA DE PUNO,"7'249,722.88",7249722.88,0.9937
1031,68,ECONOMICA DE PUNO,Programa de Educación,,,0.9999
1031,69,ECONOMICA DE PUNO,ECONOMICA DE PUNO,"5'410,463.49",5410463.49,0.9971
1031,70,ECONOMICA DE PUNO,Redistribución Agraria,,,0.9998
1031,71,ECONOMICA DE PUNO,ECONOMICA DE PUNO,"4'313,274.09",4313274.09,0.999
1031,72,ECONOMICA DE PUNO,Programación Agropecuaria,,,0.9999
1031,73,ECONOMICA DE PUNO,ECONOMICA DE PUNO,"2'575,103.83",2575103.83,0.9992
1031,74,ECONOMICA DE PUNO,Promoción y Fomento de Cooperativas,,,0.9997
1031,75,ECONOMICA DE PUNO,ECONOMICA DE PUNO,"1'571,812.64",1571812.64,0.997
1031,76,ECONOMICA DE PUNO,"Economía, Comercio e Industrias",,,0.9942
1031,77,ECONOMICA DE PUNO,ECONOMICA DE PUNO,"649,581.07",649581.07,1.0
1031,78,ECONOMICA DE PUNO,Promoción Turística,,,0.9998
1031,79,ECONOMICA DE PUNO,ECONOMICA DE PUNO,"656,809.33",656809.33,0.9982
1031,80,ECONOMICA DE PUNO,Integración Cultural,,,0.9998
1031,81,ECONOMICA DE PUNO,ECONOMICA DE PUNO,"618,362,47",618362.47,1.0
1031,82,ECONOMICA DE PUNO,Fondo Artesanal,,,0.9995
1031,83,ECONOMICA DE PUNO,ECONOMICA DE PUNO,"2'872,121.01",2872121.01,0.9967
1031,84,ECONOMICA DE PUNO,Frigorífico de Cabanillas,,,0.98
1031,85,ECONOMICA DE PUNO,ECONOMICA DE PUNO,"9198,195.00",9198195.0,1.0
1031,86,ECONOMICA DE PUNO,"Alta Dirección, Contabilidad y Administración",,,0.9902
1031,87,ECONOMICA DE PUNO,ECONOMICA DE PUNO,"800,493.73",800493.73,1.0
1031,88,ECONOMICA DE PUNO,ECONOMICA DE PUNO,"81'324,354.98",81324354.98,0.9899
1031,91,MOQUEGUA,Transferencia del Ministerio de Fomento,,,0.9996
1031,92,MOQUEGUA,MOQUEGUA,"2'000,000.00",2000000.0,0.9719
1031,93,MOQUEGUA,Van,,,1.0
1031,94,MOQUEGUA,MOQUEGUA,"517'318,390.17",517318390.17,0.9763
1031,95,MOQUEGUA,-886—,,,0.7595
1031,96,MOQUEGUA,Digitized by Google,,,0.9912
1037,5,MINISTERIO DE GOBIERNO,Municipalidad de Comas. — Talleres y Vivero Municipal,,,0.9875
1037,6,MINISTERIO DE GOBIERNO,MINISTERIO DE GOBIERNO,"143,866.11",143866.11,0.9853
1037,8,MINISTERIO DE HACIENDA Y COMERCIO,Subsidios a los Municipios para la ejecución de O. P,,,0.991
1037,9,MINISTERIO DE HACIENDA Y COMERCIO,MINISTERIO DE HACIENDA Y COMERCIO,"71'816,656.91",71816656.91,0.9953
1037,10,MINISTERIO DE HACIENDA Y COMERCIO,Subsidio a la Municipalidad de Hualhuas,,,1.0
1037,11,MINISTERIO DE HACIENDA Y COMERCIO,MINISTERIO DE HACIENDA Y COMERCIO,"500,000.00",500000.0,0.9928
1037,12,MINISTERIO DE HACIENDA Y COMERCIO,MINISTERIO DE HACIENDA Y COMERCIO,"72'316,656.91",72316656.91,0.9976
1037,14,INICIATIVAS PARLAMENTARIAS:,Subsidios a los Municipios para fines de Obras Públicas,,,0.9887
1037,15,INICIATIVAS PARLAMENTARIAS:,"6'550,201.25","78'806,858.16",78806858.16,0.9616
1037,17,MINISTERIO DE FOMENTO Y OBRAS PUBLICAS,Centrales de Cooperación Popular y Desarrollo Comunal. — Sub-,,,0.9922
1037,18,MINISTERIO DE FOMENTO Y OBRAS PUBLICAS,sidio a los Concejos Municipales,,,0.9978
1037,19,MINISTERIO DE FOMENTO Y OBRAS PUBLICAS,MINISTERIO DE FOMENTO Y OBRAS PUBLICAS,"28,400.00",28400.0,1.0
1037,23,LOCAL:,—Concejo Distrital de Pampa Colca. — Terminación Mercado,,,0.9756
1037,24,LOCAL:,de Abastos,,,0.9604
1037,25,LOCAL:,LOCAL:,"150,000.00",150000.0,1.0
1037,26,LOCAL:,—Concejo Provincial de Cangallo — Terminación Local Of. P,,,0.9884
1037,27,LOCAL:,LOCAL:,"71,666.67",71666.67,0.9486
1037,28,LOCAL:,—Concejo Provincial Víctor Fajardo —. Terminación Local Ad-,,,0.991
1037,29,LOCAL:,ministración Pública de Huancapi,,,1.0
1037,30,LOCAL:,LOCAL:,"83,333.34",83333.34,1.0
1037,31,LOCAL:,—Concejo Distrital de Locumba — Construcción Local Oficina,,,0.9934
1037,32,LOCAL:,Pública,,,0.9999
1037,33,LOCAL:,LOCAL:,"65,000.00",65000.0,0.9994
1037,34,LOCAL:,—Concejo Distrital de Sama — Construcción Local Oficina,,,0.9963
1037,35,LOCAL:,Pública,,,0.9999
1037,36,LOCAL:,LOCAL:,"55,000.00",55000.0,0.9974
1037,37,LOCAL:,—Concejo Provincial de Lamas — Terminación Local Munici-,,,0.9936
1037,38,LOCAL:,pal,,,1.0
1037,39,LOCAL:,LOCAL:,"135,000.00",135000.0,1.0
1037,40,LOCAL:,—Concejo Provincial de Urubamba — Prosecución Obras del,,,0.9987
1037,41,LOCAL:,Mercado,,,0.9996
1037,42,LOCAL:,LOCAL:,"416,666.66",416666.66,0.9906
1037,43,LOCAL:,—Concejo Provincial de Maynas — Construcción Tribuna Es-,,,0.9956
1037,44,LOCAL:,tadio Iquitos,,,0.9813
1037,45,LOCAL:,LOCAL:,"375,000.00",375000.0,1.0
1037,46,LOCAL:,—Concejo Provincial de Lima — Obras del By-Pass- entre el,,,0.9909
1037,47,LOCAL:,Trebol del Pino y Puente del Ejército,,,0.9985
1037,48,LOCAL:,LOCAL:,"7'000,000.00",7000000.0,0.999
1037,49,LOCAL:,—Concejo Distrital de Breña — Construcción Centro Materno,,,0.9922
1037,50,LOCAL:,Infantil,,,1.0
1037,51,LOCAL:,LOCAL:,"600,000.00",600000.0,0.9996
1037,52,LOCAL:,—Terminación Local Municipal,,,0.9997
1037,53,LOCAL:,LOCAL:,"400,000.00",400000.0,0.9539
1037,54,LOCAL:,—Ampliación Local Municipal,,,0.9995
1037,55,LOCAL:,LOCAL:,"350,000.00",350000.0,1.0
1037,56,LOCAL:,—Construcción Local Cuerpo Bomberos,,,0.9994
1037,57,LOCAL:,LOCAL:,"600,000.00",600000.0,0.9999
1037,58,LOCAL:,— Concejo Distrital del Rímac — Pavimentación Avda. Amancaes,,,0.9867
1037,59,LOCAL:,LOCAL:,"400,000.00",400000.0,1.0
1037,60,LOCAL:,Remodelación Parque J. Ríos,,,0.999
1037,61,LOCAL:,LOCAL:,"300,000.00",300000.0,1.0
1037,62,LOCAL:,Ampliación Mercado Ciudad y Campo,,,0.9993
1037,63,LOCAL:,LOCAL:,"300,000.00",300000.0,1.0
1037,64,LOCAL:,Construcción Campo Deportivo,,,0.9998
1037,65,LOCAL:,LOCAL:,"600,000.00",600000.0,1.0
1037,66,LOCAL:,Ampliación Mercado Baratillo,,,0.9999
1037,67,LOCAL:,LOCAL:,"1'270,000.00",1270000.0,0.995
1037,68,LOCAL:,—Concejo Distrital de Comas — Construcción Mercado,,,0.9923
1037,69,LOCAL:,LOCAL:,"700,000.00",700000.0,1.0
1037,70,LOCAL:,Construcción Camal Municipal,,,1.0
1037,71,LOCAL:,LOCAL:,"500,000.00",500000.0,0.9999
1037,72,LOCAL:,Construcción Local del Concejo,,,0.9989
1037,73,LOCAL:,LOCAL:,"600,000.00",600000.0,1.0
1037,74,LOCAL:,Van,,,1.0
1037,75,LOCAL:,LOCAL:,"14'971,666.67",14971666.67,0.9951
1037,76,LOCAL:,LOCAL:,"28,400.00",28400.0,1.0
1037,77,LOCAL:,LOCAL:,"79010,72487",7901072487.0,0.9736
1037,78,LOCAL:,-892-,,,0.8996
1037,79,LOCAL:,Digitized by Google,,,0.9758
1066,3,INGRESOS,—Suma publicada en el Volumen de la Cuenta General,,,0.9808
1066,4,INGRESOS,INGRESOS,"S/. 13,911'445,296.37",13911445296.37,0.9929
1066,5,INGRESOS,Más las siguientes partidas omitidas:,,,0.9996
1066,6,INGRESOS,"—Monto de los préstamos operados directamente por la Dirección de Caminos, sin ingreso",,,0.9943
1066,7,INGRESOS,ni registro en el Tesoro Público,,,0.9995
1066,8,INGRESOS,INGRESOS,"151'949,744.45",151949744.45,0.9971
1066,9,INGRESOS,"—Abono, en via de regularización del fondo a que se refiere el D. S.N° 11-F de 6-4-",,,0.9905
1066,10,INGRESOS,62 (Fondos Reembolsables),,,0.9992
1066,11,INGRESOS,INGRESOS,"1'925,820.95",1925820.95,0.9969
1066,13,TOTAL GENERAL DE LOS INGRESOS,TOTAL GENERAL DE LOS INGRESOS,"S/. 14,065'320,861.77",14065320861.77,0.9829
1066,15,EGRESOS,—Suma publicada en el Volumen de la Cuenta General,,,0.9977
1066,16,EGRESOS,EGRESOS,"S/. 14,612'863,407.01",14612863407.01,0.9847
1066,17,EGRESOS,Más las siguientes partidas omitidas involuntariamente:,,,0.9994
1066,18,EGRESOS,—Ministerio de Gobierno y Policía,,,0.9923
1066,19,EGRESOS,Gastos de las Administraciones de Correos y Telecomunicaciones de los meses de Julio,,,0.9915
1066,20,EGRESOS,a Diciembre de,1963,1963.0,0.9723
1066,21,EGRESOS,EGRESOS,"51767,035.92",51767035.92,1.0
1066,22,EGRESOS,”,,,0.6872
1066,23,EGRESOS,—Ministerio de Marina,,,0.9986
1066,24,EGRESOS,Utilización de los recursos aplicados a las partidas Nos. 30 y,31,31.0,0.9973
1066,25,EGRESOS,EGRESOS,"209'785,759.09",209785759.09,0.9628
1066,26,EGRESOS,—Ministerio de Fomento,,,0.9962
1066,27,EGRESOS,Utilización de recursos de Préstanos en los diferentes Programas de la Dirección de,,,0.9951
1066,28,EGRESOS,"Caminos, según relación anexa",,,0.9999
1066,29,EGRESOS,EGRESOS,"151'949,744.45",151949744.45,0.9931
1066,30,EGRESOS,，，,,,0.441
1066,32,TOTAL GENERAL DE LOS EGRESOS,TOTAL GENERAL DE LOS EGRESOS,"S/. 15,026'365,946.47",15026365946.47,0.977
1066,35,TOTAL DE LOS INGRESOS,TOTAL DE LOS INGRESOS,"S/. 14,065'320,861.77",14065320861.77,0.9962
1066,37,TOTAL DE LOS EGRESOS,TOTAL DE LOS EGRESOS,"15,026'365,946.47",15026365946.47,0.9989
1066,38,TOTAL DE LOS EGRESOS,”,,,0.7705
1066,40,DEFICIT POR COMPARACION,S/,,,0.9997
1066,41,DEFICIT POR COMPARACION,DEFICIT POR COMPARACION,"961'045,084.70",961045084.7,0.9983
1066,42,DEFICIT POR COMPARACION,"Sin embargo, el nuevo déficit total, expresado por el exceso de la fuente de financiamiento denominada Ingresos",,,0.9934
1066,43,DEFICIT POR COMPARACION,"del Tesero Público, asciende a S/. 1,015'347,579.05, contra S/. 963'945,658.47 del Cuadro anterior, N° 3",,,0.9984
1066,44,DEFICIT POR COMPARACION,"En este mismo Cuadro, dividido en dos, se ha insertado en su parte inferior el detalle de la financiación de",,,0.9957
1066,45,DEFICIT POR COMPARACION,"dicho déficit, operación que se ha realizado con la aplicación de los recursos que las leyes de provisión respectivas sol-",,,0.9998
1066,46,DEFICIT POR COMPARACION,"ventaron el ejercicio de 1963, quedando definitivamente liquidado",,,0.9972
1066,47,DEFICIT POR COMPARACION,Digitized by Google,,,0.996
1068,6,CAPITULO IV.—PROGRAMA II,Sub-Programa 2:,,,0.9998
1068,7,CAPITULO IV.—PROGRAMA II,—Estudios Olmos Yurimaguas.—Eximbank,1220,1220.0,0.9968
1068,8,CAPITULO IV.—PROGRAMA II,CAPITULO IV.—PROGRAMA II,"14'616,073.85",14616073.85,0.959
1068,10,CAPITULO IV.—PROCRAMA III,Sub-Programa 1:,,,0.999
1068,11,CAPITULO IV.—PROCRAMA III,—Huánuco-Pucallpa.—B. I. R. F. 271-D.L.F,111,111.0,0.9953
1068,12,CAPITULO IV.—PROCRAMA III,CAPITULO IV.—PROCRAMA III,"57'887,295.40",57887295.4,0.9938
1068,13,CAPITULO IV.—PROCRAMA III,—Tambo-Río Apurimac.—Eximbank 1221-D.L.F,200,200.0,0.9802
1068,14,CAPITULO IV.—PROCRAMA III,CAPITULO IV.—PROCRAMA III,"3'577,084.97",3577084.97,0.9581
1068,15,CAPITULO IV.—PROCRAMA III,—Compra de Equipo.—Eximbank,1221,1221.0,0.9962
1068,16,CAPITULO IV.—PROCRAMA III,CAPITULO IV.—PROCRAMA III,"57'045,184.22",57045184.22,0.9963
1068,18,CAPITULO IV.—PROGRAMA IV,Sub-Programa 1:,,,0.9993
1068,19,CAPITULO IV.—PROGRAMA IV,—Conservación rutinaria.—P. E. 300.— Inversión normal (Dirección de,,,0.9926
1068,20,CAPITULO IV.—PROGRAMA IV,Caminos),,,1.0
1068,21,CAPITULO IV.—PROGRAMA IV,CAPITULO IV.—PROGRAMA IV,"4'892,551.04",4892551.04,0.9988
1068,22,CAPITULO IV.—PROGRAMA IV,Sub-Programa 2:,,,0.9995
1068,23,CAPITULO IV.—PROGRAMA IV,—Compra de Equipo.— P. E. 300.— Inversión normal (Dirección de,,,0.9839
1068,24,CAPITULO IV.—PROGRAMA IV,Caminos),,,1.0
1068,25,CAPITULO IV.—PROGRAMA IV,CAPITULO IV.—PROGRAMA IV,"2'904,682.43",2904682.43,0.9993
1068,26,CAPITULO IV.—PROGRAMA IV,Sub-Programa 3:,,,0.9995
1068,27,CAPITULO IV.—PROGRAMA IV,—Inversión normal (Dirección de Caminos),,,0.9983
1068,28,CAPITULO IV.—PROGRAMA IV,CAPITULO IV.—PROGRAMA IV,"11'026,892.54",11026892.54,0.9978
1068,29,CAPITULO IV.—PROGRAMA IV,CAPITULO IV.—PROGRAMA IV,"151'949,744.45",151949744.45,0.9926
1068,30,CAPITULO IV.—PROGRAMA IV,Digitized by Google,,,0.9864
